Star,Wesenheit Magnitude,Uncertainty in Wesenheit Magnitude,Log Period,Star Code
971,22.774328,0.032931747600150225,-0.20273245916928356,0
1022,22.842277,0.031712773451718156,-0.19449914184159983,1
1157,22.928134999999994,0.05221877057151001,-0.20760831050174613,2
