Star,Log Period,Wesenheit Magnitude,Uncertainty in Wesenheit Magnitude,Star Code
Star 1,-0.4577972175659718,20.9194,0.02,0
Star 2,-0.35115229162710637,20.8446,0.02,1
Star 3,-0.48465610691161914,20.991,0.02,2
