Star,Wesenheit Magnitude,Uncertainty in Wesenheit Magnitude,Log Period,Star Code
V1,19.44344526833343,0.03,6.928770218633148,0
V2,19.655406538032828,0.03,6.803121021977339,1
